ArenaID,Arena Name,Location,Capacity
Ame01,American Airlines Center,Dallas Texas,19200
Amw01,Amway Center,Orlando Florida,18846
AT&01,AT&T Center,San Antonio Texas,18418
Bal01,Ball Arena,Denver Colorado,19520
Bar01,Barclays Center,Brooklyn New York,17732
Cap01,Capital One Arena,Washington D.C.,20356
Cha01,Chase Center,San Francisco California,18064
Cry01,Crypto.com Arena,Los Angeles California,19068
Fed01,FedExForum,Memphis Tennessee,17794
Fis01,Fiserv Forum,Milwaukee Wisconsin,17500
Foo01,Footprint Center,Phoenix Arizona,18055
FTX01,FTX Arena,Miami Florida,19600
Gai01,Gainbridge Fieldhouse,Indianapolis Indiana,17923
Gol01,Golden 1 Center,Sacramento California,17583
Lit01,Little Caesars Arena,Detroit Michigan,20332
Mad01,Madison Square Garden,New York City New York,19812
Mod01,Moda Center,Portland Oregon,19441
Pay01,Paycom Center,Oklahoma City Oklahoma,18203
Roc01,Rocket Mortgage FieldHouse,Cleveland Ohio,19432
Sco01,Scotiabank Arena,Toronto Ontario,19800
Smo01,Smoothie King Center,New Orleans Louisiana,16867
Spe01,Spectrum Center,Charlotte North Carolina,19077
Sta01,State Farm Arena,Atlanta Georgia,18118
Tar01,Target Center,Minneapolis Minnesota,18978
TD 01,TD Garden,Boston Massachusetts,19156
Toy01,Toyota Center,Houston Texas,18055
Uni01,United Center,Chicago Illinois,20917
Viv01,Vivint Arena,Salt Lake City Utah,18306
Wel01,Wells Fargo Center,Philadelphia Pennsylvania,20478
E2169,Et Foundation,Cheltenham,21692
N2680,Non Lobortis Associates,AfÅŸin,26800
M2872,Malesuada LLP,Motala,28723
N2992,Non Luctus Sit Consulting,Dalcahue,29924
S1769,Suspendisse Tristique Institute,KuÅŸadasÄ±,17693
R1055,Rutrum Urna Nec Foundation,North-Eastern Islands,10554
V2992,Vel Nisl LLP,Lumaco,29922
Q9897,Quisque Libero Foundation,Phan Rangâ€“ThÃ¡p ChÃ m,9897
M1597,Mattis Industries,Bexbach,15976
D1960,Dapibus Id Corp.,Davenport,19606
S1627,Sem Eget Massa Incorporated,Santiago,16272
E2869,Est LLC,Sicuani,28698
A1348,Adipiscing LLC,Flin Flon,13484
N1414,Nec Tempus Ltd,Láº¡ng SÆ¡n,14148
O2317,Orci Consectetuer Consulting,Tarma,23177
V2407,Vestibulum Ante Foundation,Gansu,24075
A1804,Augue Incorporated,Galway,18046
P2761,Posuere Cubilia Corp.,Mykolaiv,27613
D1496,Diam Foundation,MustafakemalpaÅŸa,14967
V1279,Varius Orci Incorporated,Volda,12791
I2876,Interdum Industries,Cabo de Hornos,28763
E2862,Eu Tellus Corp.,Fujian,28626
E2620,Eleifend Non Dapibus Limited,Vladimir,26203
Q1688,Quisque Ac Industries,Sydney,16886
D2640,Diam Company,Uddevalla,26402
S1678,Scelerisque Institute,ReyhanlÄ±,16780
N1126,Nisi Sem Corp.,Gumi,11268
N2707,Nec Limited,Galway,27078
P2131,Per Consulting,SÃ£o JoÃ£o de Meriti,21316
E1297,Egestas Nunc Sed Corporation,Oamaru,12975
I1787,Id Blandit Industries,Hougang,17878
I1473,In Lobortis LLC,Rustenburg,14739
A1355,Aenean Egestas Incorporated,Hawera,13558
M1222,Mattis Ornare Limited,Shanghai,12226
E9624,Elit Ltd,Shandong,9624
S1843,Suspendisse Foundation,Cisnes,18434
S2410,Sed Limited,Tarakan,24101
C1686,Cubilia Curae Institute,Sankt Johann im Pongau,16860
S2339,Senectus Associates,Wunstorf,23397
D1412,Diam Proin Dolor Ltd,Cherkasy,14129
M1925,Mi Tempor LLP,Bahawalnagar,19250
V2789,Vitae Sodales At Institute,Aschersleben,27898
C1052,Cum Sociis Natoque LLP,Rotorua,10521
I1868,Integer Urna Corp.,Mulhouse,18689
M2000,Massa LLC,TranÃ¥s,20008
D1248,Donec Nibh Quisque Company,Silay,12489
M1237,Mollis Duis Corp.,Pachuca,12371
V2481,Vitae Odio Ltd,Calle Blancos,24818
I1012,In Lobortis Inc.,Zhejiang,10123
N1252,Nibh Phasellus Associates,Bukit Batok,12526
E2835,Eros Non Limited,Semarang,28359
C2584,Commodo Incorporated,Randfontein,25849
P2074,Per Conubia Nostra Incorporated,Edremit,20747
I1823,Integer Eu Lacus LLC,Annapolis Royal,18238
A1628,Aliquet Odio Foundation,Picton,16283
S2976,Sed Sapien Institute,Orkanger,29766
E2241,Eget Venenatis Corporation,Lunel,22410
O1899,Ornare Associates,MÃ¤rsta,18999
V1684,Vitae Nibh Donec PC,Wittenberg,16845
S1602,Sit Associates,Delft,16025
V1125,Vel Arcu Inc.,Chimbote,11258
E2667,Enim Curabitur Company,Stockholm,26674
E2062,Eget Inc.,Tianjin,20628
N1075,Nec Quam Consulting,Aizwal,10755
M2090,Mauris Rhoncus Id Foundation,Jeongeup,20908
T1606,Tortor Dictum LLP,Hamar,16067
I1224,In PC,Navojoa,12246
C1854,Consequat Industries,Zhob,18542
C2572,Consequat Purus LLP,Devonport,25729
F1325,Fermentum Convallis Ligula PC,Sakhalin,13254
A1908,Augue Eu Consulting,Dublin,19089
A1099,Auctor Non Feugiat Corporation,Ruddervoorde,10990
A2472,Arcu Ac Orci Ltd,HÃ  TÄ©nh,24722
M1116,Mauris Non Dui Foundation,Schepdaal,11162
E1961,Etiam Imperdiet Ltd,Chortkiv,19614
A2874,Aliquam PC,Kropyvnytskyi,28742
E2678,Eros Ltd,Buenaventura,26787
E1972,Eleifend Non Corp.,Kallo,19720
E2561,Et Ultrices Posuere Ltd,Jiangsu,25614
P1864,Pellentesque Habitant Ltd,Meppel,18647
F2499,Fermentum Risus Foundation,Tapachula,24996
L2382,Libero Donec Consectetuer Incorporated,Whithorn,23825
E2887,Est Vitae Sodales Incorporated,San Francisco,28873
E1320,Enim Associates,Tapachula,13204
V1124,Vestibulum Foundation,Odessa,11249
E2518,Egestas Incorporated,San Antonio,25182
D1702,Dignissim Corp.,Huaral,17027
A2906,Aliquam Company,Belfast,29067
E2380,Enim Ltd,North-Eastern Islands,23806
L1470,Lectus A LLC,Jecheon,14703
I1892,Interdum Ligula Ltd,Calapan,18929
D9287,Dui Fusce Ltd,Roodepoort,9287
I2173,Iaculis Quis Pede Foundation,Uzhhorod,21730
A2341,Ac Consulting,Sauris,23413
C1269,Cum Sociis Corp.,Newton Stewart,12696
E9000,Eget Mollis Consulting,Pamplona,9000
F1449,Feugiat Metus Sit Limited,Sibi,14497
L1154,Lorem Inc.,La Estrella,11543
L2417,Ligula Consectetuer Associates,BuÃ´n Ma Thuá»™t,24174
M1701,Massa Integer Vitae Ltd,Naga,17012
P2202,Posuere Cubilia Ltd,Mildura,22028
P1037,Posuere Enim Industries,Mamuju,10373
A1358,At Inc.,Belfast,13582
F2394,Faucibus Orci Inc.,Devonport,23949
D2485,Duis Mi Industries,Makurdi,24854
S2501,Sed Leo LLC,Alexandra,25017
L2870,Libero Et Associates,Szczecin,28702
N2493,Nam Tempor Corp.,Quimper,24930
L2496,Leo Cras Industries,Liaoning,24967
L2668,Lectus Inc.,Akhisar,26688
P2547,Proin Non Massa Industries,Moulins,25478
M1456,Molestie Orci PC,Tillicoultry,14565
C1582,Convallis Convallis Corporation,St. Asaph,15824
G2644,Gravida Mauris Ut Industries,Denver,26443
T2303,Tempor Erat Associates,Veere,23036
N2950,Non Vestibulum Industries,Chiclayo,29505
E1852,Egestas A Foundation,Berlin,18520
F2125,Felis Adipiscing Fringilla Limited,Asan,21251
S2646,Scelerisque Foundation,Istmina,26463
F2627,Fermentum LLP,Bovesse,26277
M1363,Malesuada Vel PC,VadsÃ¸,13630
C2536,Congue Elit Consulting,Nha Trang,25362
M1544,Mi Eleifend LLC,Lerum,15441
M1907,Molestie Pharetra Nibh Foundation,Gangneung,19070
O1272,Orci Sem Company,Andacollo,12721
S9739,Scelerisque Mollis Phasellus Institute,Bhimavaram,9739
S1952,Suscipit Est Corp.,Quickborn,19527
T1659,Tellus Limited,Moss,16591
D2959,Dictum LLP,Woodlands,29593
E2233,Eu Foundation,Langesund,22337
E1891,Elementum Sem Foundation,Dublin,18914
A2583,Aliquet Magna A Institute,Launceston,25839
V1752,Velit Quisque LLC,Brest,17522
I1638,Imperdiet Dictum Magna Consulting,Huancayo,16385
M9452,Morbi Tristique LLC,Townsville,9452
C2433,Cursus LLC,Marchtrenk,24337
S1628,Suspendisse Tristique LLP,Malaybalay,16281
P2226,Pede Praesent Eu Foundation,Nuevo Laredo,22267
N2354,Nec Ante Institute,Carcar,23541
A1704,Augue Id Ante Institute,Hamme,17041
D1004,Dis Parturient Foundation,Yopal,10045
A1521,A Malesuada Ltd,Ryazan,15217
B2853,Blandit Congue In PC,Nizhny,28539
M2093,Mauris Ut Ltd,Denver,20934
N2693,Nec Diam Inc.,Launceston,26938
S1215,Sit Corp.,Tabuk,12157
L2163,Lectus Incorporated,Konin,21630
A1075,Ante Bibendum Incorporated,Puerto Colombia,10750
A2027,Ac Corporation,Calapan,20270
Q1801,Quis Lectus Corp.,BuÃ´n Ma Thuá»™t,18019
D1097,Dolor Fusce Institute,Palmariggi,10979
A9856,Aenean Gravida Corporation,Gols,9856
C2554,Curabitur Vel Lectus Associates,Pike Creek,25544
U2487,Ultrices Sit Incorporated,Imphal,24870
A2069,Aliquam Iaculis PC,Woerden,20690
A1191,At Limited,Nicoya,11918
N2082,Nisl Arcu Iaculis Incorporated,Feira de Santana,20823
T1086,Tincidunt Dui Inc.,Ranchi,10867
L1231,Lobortis Nisi Industries,Juiz de Fora,12312
S2823,Sem Pellentesque Ltd,Roodepoort,28234
C1441,Consectetuer Adipiscing Elit Institute,Westkerke,14414
D2116,Dui Nec LLP,Clydebank,21161
E2975,Enim Consulting,St. Veit an der Glan,29756
N1247,Nullam Ut Nisi Industries,Puntarenas,12471
P2261,Purus Industries,IJlst,22611
N1052,Nisl Inc.,Miryang,10520
D1593,Dui Nec Foundation,Las Cabras,15938
V1681,Vestibulum Accumsan Neque Corporation,Cajamarca,16812
S9710,Sit Amet Foundation,Malaybalay,9710
N2847,Nec Foundation,Nonsan,28472
E2839,Etiam Corp.,Vegreville,28398
A9422,Accumsan Sed Facilisis Corporation,Trondheim,9422
A2868,Adipiscing LLP,Oaxaca,28680
V2420,Vitae Aliquet Foundation,Ningxia,24200
S1053,Sed Industries,Pudukkottai,10539
N2201,Non Justo Proin Limited,Tarsus,22014
E1613,Elit LLP,Bellville,16131
A1532,Accumsan Convallis Industries,Riosucio,15324
C2681,Curabitur Egestas Inc.,Digos,26819
S1916,Sem PC,Moscow,19162
V1988,Varius Consulting,Saint Louis,19881
A1579,A Industries,Barranca,15791
A2779,Aliquam Nec Enim Associates,Blenheim,27798
V1328,Venenatis Lacus Etiam Associates,Puntarenas,13286
L2495,Litora Inc.,Pervomaisk,24954
N2031,Nulla Facilisis LLP,Dokkum,20313
M2691,Magna Suspendisse Tristique LLC,Raurkela,26917
S1905,Scelerisque Dui Suspendisse Consulting,Motala,19056
N1087,Nunc Mauris Elit Foundation,Warszawa,10873
N1530,Non Sapien Incorporated,Central Water Catchment,15300
A2360,Aliquet Sem Ut Industries,Dir,23601
F2819,Fermentum Ltd,Maicao,28196
A1327,Aliquam Eu Accumsan PC,Oleksandriia,13271
R1775,Rutrum Urna Institute,San Rafael Abajo,17758
M1680,Morbi Tristique Senectus Foundation,Muzzafarabad,16805
A2975,At Sem Inc.,Sankt Johann im Pongau,29759
E1911,Egestas A LLP,Darwin,19111
F1579,Facilisis Eget Foundation,Casnate con Bernate,15790
M1404,Magna Tellus Faucibus Industries,Starachowice,14043
I1163,Integer Aliquam Corp.,Westport,11634
N1408,Nonummy PC,Bourges,14088
I1793,In Molestie Foundation,Stavanger,17933
V2220,Vitae Mauris Sit Foundation,Dublin,22201
L1323,Luctus Curabitur Egestas Foundation,Há»“ ChÃ­ Minh City,13233
U1440,Ullamcorper Nisl Arcu Corporation,Shillong,14408
U2705,Ullamcorper Magna Institute,TarnÃ³w,27055
S1697,Sit Amet Consectetuer Incorporated,Ceyhan,16978
Q2801,Quam Curabitur Vel Corp.,Adria,28017
S2417,Sem Pellentesque PC,Nicoya,24170
Q2338,Quam Elementum At Consulting,BorÃ¥s,23383
A2233,Adipiscing PC,Matamata,22332
M1247,Massa LLP,Tyumen,12474
A2555,Ac Mi Limited,Kozhikode,25554
Q1426,Quam Pellentesque PC,Schriek,14267
M1366,Malesuada Malesuada Company,MÃ©rida,13669
S1163,Scelerisque Corporation,Galway,11634
P1834,Phasellus Consulting,Puno,18347
S1831,Sem Magna Inc.,Schwechat,18315
O1337,Ornare Inc.,Mercedes,13371
M2485,Morbi Consulting,Yogyakarta,24851
M1506,Mauris Magna Limited,LidkÃ¶ping,15065
R2718,Rutrum Eu Ultrices Incorporated,Ahmadpur East,27183
S1925,Scelerisque Neque LLC,Rotorua,19254
D2737,Dolor Dapibus LLP,Henan,27374
N2525,Nisi Cum Inc.,JaÃ©n,25252
M2173,Mi Ac Associates,KrakÃ³w,21736
E2245,Eu LLP,Secunda,22450
C2582,Convallis Ante Lectus Limited,Sens,25825
F9908,Fermentum Fermentum Arcu LLP,Desamparados,9908
C2601,Cursus A Corp.,San Pablo,26018
A1461,Aliquet Lobortis LLP,Tanglin,14619
S2986,Sed Limited,Pasir Ris,29865
N2587,Non Sollicitudin Corporation,Mexico City,25875
M1518,Molestie Sed Industries,Jiutepec,15181
L2071,Lectus Pede LLP,Limoges,20717
M1169,Metus Urna PC,Lamitan,11694
O1090,Orci Quis Lectus Institute,Hamar,10902
N2912,Nec Tellus Nunc Limited,Changi,29125
M1569,Mauris Institute,Carmen,15692
P2335,Pede Cum Inc.,Spermalie,23356
D1070,Duis Ac Company,Maiduguri,10708
A2084,Ante Dictum Incorporated,Ogbomosho,20843
M9006,Magna LLP,Heilongjiang,9006
C2484,Cursus Diam Corp.,Blieskastel,24845
N2265,Nunc Ullamcorper PC,Lago Verde,22656
E2470,Egestas Rhoncus Corporation,Moe,24708
P2572,Pellentesque Company,Schepdaal,25727
S2277,Sagittis Placerat PC,Mexicali,22774
S2563,Sapien Molestie Corp.,Andong,25633
S2305,Sagittis Duis Gravida Limited,ToruÅ„,23058
Q2770,Quis Urna Incorporated,Bishan,27704
H1085,Habitant Morbi Corp.,Klerksdorp,10856
P2773,Pede Cum Incorporated,Dutse,27736
L2384,Libero Donec Consectetuer Incorporated,Secunda,23847
D2232,Dui LLP,Zhejiang,22327
B1274,Blandit Associates,Diamer,12749
I1558,Integer Id Foundation,LÆ°Æ¡ng Báº±ng,15584
A9933,Amet Metus Institute,Da Lat,9933
S2364,Suspendisse Aliquet Institute,CarapicuÃ­ba,23644
A1735,At Arcu Limited,Herdersem,17356
M2162,Mauris Vestibulum LLC,BÃ¶blingen,21623
C2339,Congue In Scelerisque Industries,Cuttack,23390
B2070,Blandit Limited,Bama,20703
A1872,Ac Mi LLC,Campinas,18728
N1640,Neque Foundation,Chernivtsi,16409
E2912,Egestas Rhoncus Proin Associates,La Paz,29121
N1951,Nulla Inc.,Gliwice,19510
E2693,Erat Incorporated,Schleswig,26938
M1172,Metus Consulting,Pagadian,11727
E1264,Egestas Foundation,Ceyhan,12645
E1181,Eleifend Nunc Risus PC,Serang,11818
D1916,Dolor Sit Corp.,Juliaca,19163
T2975,Tortor At Risus Ltd,Cuddalore,29751
U9048,Ut Tincidunt Vehicula Industries,Mosquera,9048
D2311,Dui Cum PC,Berdiansk,23112
O1982,Ornare In Incorporated,Wanaka,19821
A2243,Ac Incorporated,Scunthorpe,22436
A1490,Arcu Imperdiet Industries,Shaanxi,14904
E1026,Eros Non Consulting,YÃªn BÃ¡i,10268
E2417,Eu Company,Sombreffe,24172
Q2665,Quis Tristique Ac Corporation,Bila Tserkva,26651
L1468,Lectus Ante Associates,Ruthin,14680
E2069,Est Mollis Institute,Masullas,20693
P2156,Purus Ltd,Ã‡eÅŸme,21560
A1498,Accumsan Institute,VadsÃ¸,14980
D2444,Dignissim Lacus Ltd,Kamyzyak,24445
N2911,Nam Interdum Enim LLP,JÃ¶nkÃ¶ping,29114
M2618,Magna Nec Consulting,Nelspruit,26181
F2105,Faucibus Morbi Ltd,Paya Lebar,21055
V2221,Vestibulum Corp.,Tambov,22207
S2964,Sed Neque Associates,Cheonan,29644
M1030,Mollis Nec Institute,Galway,10308
P2691,Parturient Montes Limited,Columbus,26916
M2352,Mauris Corporation,Lugo,23523
E1125,Elit Nulla Facilisi Associates,Kostroma,11258
D2659,Dolor Egestas Inc.,Dublin,26598
A2877,Arcu Ac LLP,Parauapebas,28776
M2319,Mi Ac Incorporated,Changi,23195
M2550,Mauris Incorporated,Seletar,25503
M2399,Mauris Sit Amet PC,Pamplona,23999
L9804,Lobortis Mauris Suspendisse Industries,VitÃ³ria da Conquista,9804
L2375,Ligula Eu Foundation,Grimstad,23752
R2948,Risus Quisque Consulting,Barra do Corda,29482
E2504,Enim Nunc Ut LLP,Starachowice,25041
R1461,Rutrum Eu Ultrices Corporation,Nonsan,14611
N1592,Nonummy Consulting,Barranca,15929
D2723,Donec Nibh Inc.,Tauranga,27233
S2791,Sodales PC,Mechelen-aan-de-Maas,27918
U2571,Ultrices Duis Company,TÃ¤by,25715
E2927,Eu Dolor Inc.,Pondicherry,29272
N2339,Nunc Id Ltd,Heilongjiang,23397
D2439,Dictum Eu Consulting,TÃ¢n An,24399
E1493,Eget Institute,Mykolaiv,14937
N1441,Nulla Integer LLC,QuibdÃ³,14414
D2247,Dui Fusce LLC,Belfast,22471
P2803,Phasellus Ornare Fusce LLC,Vologda,28033
A2302,At Pede Incorporated,Quesada,23029
P9838,Praesent Luctus Curabitur LLC,Lim Chu Kang,9838
N2779,Nascetur Corporation,Guadalajara,27793
E2266,Egestas Aliquam Incorporated,Tampines,22668
E1363,Est Foundation,Castiglione di Sicilia,13633
N2699,Non Dui Foundation,Assen,26995
V1224,Vel Faucibus Ltd,Heusweiler,12242
U2880,Ut Pharetra Limited,ChapecÃ³,28804
I1830,Id Blandit PC,Anchorage,18305
A1629,Adipiscing Elit Associates,General Escobedo,16299
N2623,Nulla Semper Tellus Corporation,Dresden,26231
N2694,Nunc Nulla Ltd,Belfast,26948
M2194,Mi Enim Foundation,Oudtshoorn,21947
U1520,Ut Sagittis Consulting,Pinkafeld,15202
C1765,Cum Sociis Natoque LLP,Palmerston,17650
M1509,Mollis Integer Tincidunt Ltd,Huancayo,15093
E2346,Et Risus Quisque Ltd,Pondicherry,23461
D2567,Dapibus Id Institute,NorrkÃ¶ping,25671
F1359,Fusce Fermentum Fermentum Industries,Nagar,13595
C2304,Cras Lorem LLC,Oviedo,23041
A1171,Auctor Nunc LLC,Háº¡ Long,11714
I1343,Ipsum Non Arcu Limited,Baguio,13432
C1207,Consectetuer Inc.,Mo i Rana,12079
V2020,Vitae Corporation,San Pedro Garza GarcÃ­a,20201
N1289,Nibh Quisque Corp.,Hoogeveen,12895
M1340,Mollis Consulting,LinkÃ¶ping,13409
S2738,Sodales Elit Company,Vico del Gargano,27380
A1392,Aenean PC,Flekkefjord,13929
N1647,Nec Corp.,Arica,16471
E2465,Enim LLP,Tianjin,24658
D9662,Dictum Ultricies Company,Nagarcoil,9662
S1305,Sed Dolor Ltd,Santander,13057
N1103,Non Leo Vivamus Institute,Lambayeque,11036
T1425,Tincidunt Congue PC,Saalfelden am Steinernen Meer,14258
R9027,Risus Varius Incorporated,Limburg a.d. Lahn,9027
M2278,Malesuada Augue Ut Corp.,NÃ¤ssjÃ¶,22787
M1612,Magna Tellus Faucibus Ltd,St. Johann in Tirol,16127
A1736,Arcu Vel PC,Lipetsk,17353
P1837,Penatibus Et Limited,Menai Bridge,18373
E1491,Et Magnis Corporation,Arequipa,14916
E1294,Eu Metus In Incorporated,Oldenzaal,12948
V2434,Vehicula Et Rutrum PC,Kano,24349
A1100,Ante Maecenas Ltd,Fresno,11008
E1556,Euismod Consulting,Ribnitz-Damgarten,15569
O1743,Ornare Corp.,Vetlanda,17435
C1434,Cras Dolor Dolor Institute,MaganguÃ©,14348
E1429,Et Foundation,Germiston,14290
T1487,Tortor Consulting,Madurai,14876
E1499,Et Company,Pamplona,14992
A1858,Auctor Mauris Incorporated,Ockelbo,18587
C2647,Congue Elit Sed Ltd,DasmariÃ±as,26476
C2383,Cursus Incorporated,Develi,23831
C2564,Cras Convallis PC,Astrakhan,25647
M1647,Mi Felis Adipiscing Limited,Timaru,16470
Q1232,Quis Accumsan Ltd,Madison,12324
V1539,Vitae Corp.,Gore,15393
L2541,Lacus Mauris Inc.,Bergama,25412
O2005,Orci Foundation,CÃ  Mau,20056
M2025,Magna Cras Convallis Industries,Veere,20255
A1201,Ac Libero Inc.,San JosÃ© de Alajuela,12014
C2627,Cursus Et Magna LLC,Mardan,26271
O1755,Orci Consectetuer Incorporated,Dandenong,17559
C1135,Convallis Ltd,Mandal,11354
P2405,Pharetra Corp.,Yunnan,24057
S1273,Sed Eu Incorporated,Galway,12734
A1537,Amet Massa Incorporated,Ciudad Victoria,15372
P1746,Placerat Ltd,Langenhagen,17463
A2060,A Institute,Pagadian,20605
M2426,Massa LLP,Ikot Ekpene,24262
D1532,Dolor Nonummy LLP,Waasmunster,15321
N1450,Neque Et Ltd,BiÃªn HÃ²a,14500
L2238,Lacus Cras Limited,Kanchipuram,22384
L2895,Lobortis Corporation,Oaxaca,28956
L1046,Ligula Eu LLC,Wangaratta,10464
V2320,Vulputate Nisi Sem Corp.,VicuÃ±a,23201
I2970,Integer Inc.,Digos,29702
N2936,Nunc Foundation,Port Blair,29365
N2762,Non Institute,Peterborough,27620
M1734,Molestie LLP,Sokoto,17340
P1721,Proin Ltd,Taber,17217
A1123,Aliquam Nec Industries,Nelson,11230
M1863,Metus Foundation,Naro,18632
P2272,Placerat Orci Institute,Calvi Risorta,22722
E2836,Erat Nonummy Company,Neelum Valley,28362
A2299,Aenean Egestas Hendrerit Consulting,Marine Parade,22995
A1283,Ac Mi Eleifend Foundation,Tarragona,12833
H1187,Hendrerit Neque In LLC,Brest,11873
M1628,Molestie Sodales Limited,Cuautla,16289
C2068,Cubilia Company,CÃ³rdoba,20689
D2256,Dolor Nonummy Ac Limited,Otukpo,22567
T2760,Tellus Faucibus Leo PC,Elbistan,27602
S2054,Sagittis Augue Eu Inc.,Vienna,20544
M1309,Mollis Dui In Corporation,Siculiana,13097
E2333,Egestas Urna Justo Incorporated,Veldwezelt,23336
P1632,Pede Nonummy Institute,Ludwigsburg,16321
D2094,Dictum Foundation,Konya,20948
P1908,Pellentesque Limited,Forchtenstein,19081
V2748,Vitae Aliquam PC,Bogo,27481
N1112,Nisi Mauris Foundation,Seogwipo,11121
C1495,Condimentum Incorporated,Raufoss,14952
A1454,A Enim Suspendisse PC,Hubei,14540
A1068,Adipiscing Institute,Leticia,10688
A1576,Aenean Institute,Tacurong,15768
A1402,Augue Porttitor Foundation,Pumanque,14026
E2285,Erat Volutpat Institute,HÃ¶chst,22854
S1272,Sociis Natoque Corporation,Laguna Blanca,12721
M2380,Maecenas Ornare Associates,Villahermosa,23801
M2929,Magna Cras Incorporated,SÃ¶derhamn,29292
A1240,Adipiscing Associates,Soweto,12400
E2023,Eget Odio Corporation,Ã‰pinal,20237
P2789,Porttitor Eros Inc.,Ratlam,27898
C1631,Cras Institute,Tarakan,16318
N2129,Nisi Magna Sed Consulting,Maple Creek,21291
L2059,Lobortis Industries,Berlin,20591
N1589,Nonummy Ultricies LLP,Gangneung,15897
E2737,Elementum Sem Vitae Institute,Tharparkar,27375
A1491,Aliquet LLC,Jecheon,14906
V1597,Venenatis Lacus Industries,Whakatane,15979
C2524,Curabitur Massa Institute,Quá»³nh Nhai,25241
O1309,Ornare Fusce Mollis Institute,Arica,13098
T2619,Tristique LLP,Brovary,26194
S1987,Sagittis Placerat Industries,Elmshorn,19879
M2676,Magna Nec Quam PC,Montague,26760
E2642,Eros Corp.,Huntingdon,26426
S1877,Sagittis Institute,Lautaro,18775
O2312,Ornare Fusce LLC,Tuas,23128
E2998,Eget Massa Suspendisse Corporation,Pondicherry,29988
A2463,At Fringilla Ltd,Auxerre,24638
F2764,Facilisis Suspendisse Corp.,Huáº¿,27649
F2853,Felis Industries,Dublin,28532
P2744,Pede Associates,Geraldton-Greenough,27442
L2369,Luctus Ipsum LLC,Waren,23693
U2353,Ut Nisi A Consulting,Frederick,23535
N2318,Nisi Mauris Nulla Industries,Warminster,23189
A1990,At Velit Pellentesque Ltd,Bungay,19900
A1615,Adipiscing Ligula Foundation,Anhui,16157
D1974,Dolor PC,Talara,19743
S2059,Sed Congue Elit PC,Barranca,20591
E2830,Et Magnis Corporation,Santa Rosa de Cabal,28309
N2495,Nec Eleifend Associates,Aulnay-sous-Bois,24955
C1321,Cras Vulputate Velit LLC,GijÃ³n,13214
M2152,Malesuada Fringilla Est Incorporated,MÃ³stoles,21527
E1029,Elementum Lorem Foundation,SÃ¶derhamn,10290
C1324,Consectetuer PC,Ingelheim,13241
D1311,Diam Nunc Ullamcorper Corp.,Siquirres,13117
N1260,Nullam Company,Gorinchem,12603
G2078,Gravida Aliquam Incorporated,Sevastopol,20781
A2881,Amet LLC,Uzhhorod,28818
C1666,Consectetuer Mauris Ltd,Cauayan,16660
L1161,Lacinia Mattis Limited,Huacho,11619
A1655,At Lacus Associates,Uruapan,16555
A2685,Ac Tellus Suspendisse Ltd,Neubrandenburg,26855
M1513,Massa Mauris LLC,Tame,15135
A1089,Amet Faucibus Incorporated,Alajuela,10892
M2423,Mollis PC,Queenstown,24235
L2027,Libero Est Congue LLC,Hamilton,20270
C2943,Curabitur Consequat Limited,Lublin,29438
S1311,Sociosqu Ad Litora Associates,PiotrkÃ³w Trybunalski,13119
C2170,Consectetuer Adipiscing LLP,Nazilli,21700
M2111,Magna Associates,Ashburton,21117
I2192,Imperdiet Ltd,Jinju,21924
P1986,Placerat Cras Institute,GarzÃ³n,19865
P1919,Primis Corporation,Äá»“ng Há»›i,19194
F9770,Fringilla Est Corp.,Ã‡arÅŸamba,9770
B1703,Blandit Industries,Belfast,17032
S1676,Sed Tortor Integer Limited,Pematangsiantar,16765
P2043,Phasellus Ornare PC,Minneapolis,20437
V1281,Vivamus Euismod Urna Limited,Banda Aceh,12811
C2724,Cras Vehicula Incorporated,AisÃ©n,27240
A2051,Aliquam Institute,Bischofshofen,20517
M1475,Malesuada Id Erat Corp.,Arauca,14753
E2674,Et Foundation,Ludvika,26745
V1858,Vestibulum Nec Euismod Limited,Cap-de-la-Madeleine,18584
D2538,Dolor Nulla Incorporated,GijÃ³n,25385
N2487,Nec Company,Palembang,24873
A2030,Amet Risus Donec Associates,Ang Mo Kio,20302
C1948,Curabitur Company,Putre,19486
A1365,Ac LLC,Cartagena,13650
T2844,Tortor Integer Corporation,St. Albans,28448
A1785,Amet Lorem Corporation,Laakirchen,17852
A2545,At Augue Id LLC,Gosnells,25454
V9596,Vulputate Eu LLP,Hengelo,9596
G9197,Gravida Nunc Ltd,Cabo de Santo Agostinho,9197
C2342,Convallis Corp.,Henan,23420
M1545,Mauris Elit Institute,Szczecin,15442
S2983,Scelerisque Neque Foundation,Stendal,29830
N2063,Nostra Per Company,Bad Nauheim,20630
N2585,Nulla Limited,Banda Aceh,25857
L1556,Luctus Curabitur Associates,Kayseri,15565
A2331,Aenean Foundation,Wepion,23314
H2319,Hendrerit Donec Corp.,Iriga,23191
D1340,Dictum Sapien Corp.,Tula,13402
T2785,Tempus Eu Ligula Inc.,Bozeman,27856
L9173,Lorem Ipsum Dolor LLP,Batac,9173
E2024,Est Incorporated,Chuncheon,20233
S9141,Sed Dictum Ltd,Legnica,9141
L1604,Lorem Sit Amet PC,Ternopil,16042
D2585,Dictum Ultricies Inc.,Zwolle,25858
A1826,Aliquam Corp.,MontluÃ§on,18263
N1547,Nibh Dolor LLC,Sint-Kruis-Winkel,15479
A9318,A Inc.,Chanco,9318
A1953,Augue Ut LLP,Bremen,19536
E1263,Egestas Blandit Incorporated,Boise,12633
C2493,Convallis Erat Foundation,Iquique,24931
C2323,Commodo Tincidunt Institute,Palma de Mallorca,23231
E1733,Erat Inc.,Äá»“ng Há»›i,17338
C1520,Cursus Incorporated,Gladstone,15201
C2827,Consectetuer Adipiscing Associates,BraganÃ§a,28275
N1938,Neque In LLC,Vallenar,19383
A1666,Ante Company,Lima,16663
E2351,Eget PC,Badajoz,23513
A2093,At Arcu Corporation,Odda,20934
S2352,Scelerisque Ltd,Waalwijk,23529
U2446,Ut Eros Non Inc.,Drachten,24466
C2923,Cras Sed LLP,Penrith,29231
C1693,Consequat Inc.,Akhisar,16938
E2556,Etiam Imperdiet LLP,Landau,25566
F2691,Fringilla Donec Foundation,Porsgrunn,26919
I1768,In Tempus Eu Limited,Imphal,17688
E2885,Eu Dui LLP,Nevers,28857
U2868,Ut Industries,MazatlÃ¡n,28680
E2978,Egestas Ltd,Umlazi,29789
V1808,Viverra Donec Tempus Associates,Dangjin,18088
U2103,Ut Nec Urna LLP,Roosendaal,21038
I2387,Ipsum Non Ltd,Curanilahue,23870
D2769,Dolor Sit Amet Foundation,Uddevalla,27698
S2554,Sodales Corporation,Albacete,25547
S2798,Sit Amet Industries,LinkÃ¶ping,27987
O1426,Orci Ltd,Bergama,14262
R1302,Ridiculus Corp.,Central Water Catchment,13029
P1449,Pharetra Felis Inc.,Melilla,14495
O2103,Ornare Libero At Inc.,Bukit Batok,21030
V1178,Varius Et Euismod Foundation,Novena,11781
D1490,Duis Gravida Praesent Foundation,Galway,14905
V1765,Vitae Erat Ltd,Fujian,17654
A2362,Arcu Vestibulum Ante Ltd,Puerto Colombia,23624
A1774,Arcu Ac Orci PC,Kimberley,17746
I1563,Ipsum Phasellus Associates,Heist-aan-Zee,15639
U9744,Ultrices Vivamus LLP,Levanger,9744
P1216,Pellentesque Tincidunt Tempus Foundation,Novena,12168
O1746,Orci Corporation,Busan,17466
V2325,Vel Convallis In Corporation,Leersum,23259
P2713,Purus Ac Industries,VÄ©nh Long,27133
P1782,Pellentesque Corp.,Koblenz,17822
P9925,Primis In PC,Dublin,9925
R2660,Risus Consulting,Shanxi,26608
A1462,A Odio Industries,Oss,14615
A2225,Aliquam Ornare Incorporated,Peumo,22257
N1579,Nullam Enim Sed Associates,Omsk,15792
F9763,Fusce Mi Lorem Institute,Pamplona,9763
O1648,Orci Luctus Company,VÃ¤rnamo,16480
M2318,Magna Cras LLP,ParanaguÃ¡,23189
N2809,Non Nisi Aenean Corp.,Colmar,28099
M1079,Metus Eu Incorporated,Zaria,10791
L1422,Luctus Vulputate Nisi Institute,Zhukovka,14225
N1716,Nullam Scelerisque Associates,Denpasar,17169
A2546,Aliquam Ltd,Qinghai,25455
L2405,Lectus A Sollicitudin Corporation,Virginia,24058
I1226,Id Nunc PC,Arviat,12263
U1120,Ultrices Mauris Ipsum LLP,KÄ±rÄ±khan,11200
M2331,Morbi Incorporated,Vanderbijlpark,23317
A1855,Aliquam Foundation,Egersund,18551
N1614,Nec Limited,Ceuta,16140
R2932,Rhoncus Proin Incorporated,Chuncheon,29321
V1280,Vel Sapien Imperdiet Corporation,Tollembeek,12801
M2901,Massa Integer Vitae Consulting,Liberia,29010
E1156,Elit Erat Limited,Dhanbad,11566
P2127,Per Inceptos PC,Galway,21271
L1224,Lobortis Ltd,Iseyin,12243
A1896,Aliquet Molestie LLP,Norman Wells,18967
V2832,Vel Nisl Institute,LÃ o Cai,28328
A2654,Ante Dictum Company,Guangdong,26544
N1492,Nisl Arcu Limited,Soacha,14924
I2575,Integer Sem Elit PC,Raychikhinsk,25755
A1248,Aliquam Auctor Inc.,FÃ¸rde,12484
M1778,Morbi Sit Incorporated,Cuautla,17783
C1936,Cras Lorem Incorporated,Shaheed Benazirabad,19364
N1403,Nascetur Ridiculus Ltd,Teruel,14033
V2802,Vivamus Euismod Institute,Lamitan,28025
D1230,Dictum Incorporated,Oviedo,12303
P9551,Purus Duis LLC,Santa Rosa de Cabal,9551
N2806,Nam Consequat PC,Bathurst,28061
H9245,Hendrerit Id Incorporated,ChÃ¢tellerault,9245
M1135,Molestie Pharetra Industries,Albury,11351
M2197,Massa Integer PC,Berlin,21972
D9700,Donec Tincidunt Associates,Ravenstein,9700
A2034,A Feugiat PC,Roccabruna,20345
N2893,Nulla Aliquet Ltd,Sandefjord,28939
O1170,Ornare In Faucibus LLP,Anzi,11708
E1359,Et Magnis Limited,Mercedes,13590
D1710,Dolor Quisque Tincidunt Associates,Gdynia,17108
E1049,Eu Turpis LLP,Beuzet,10491
E2583,Elit LLP,Queenstown,25838
N1665,Nulla Integer Urna Corp.,Guri,16650
A2490,Arcu Vestibulum Corp.,Badajoz,24908
S1275,Sit Amet Corporation,San Vicente del CaguÃ¡n,12752
U1370,Ultricies Inc.,Hudiksvall,13708
L2873,Lorem Vehicula Incorporated,Khairpur,28735
I2707,Id Incorporated,Cumaribo,27076
A2323,Adipiscing PC,Paita,23239
P1414,Purus Sapien Corporation,Ä°zmit,14142
A2399,Auctor Mauris Vel Limited,Volda,23994
N9714,Nec Ligula Ltd,Stalowa Wola,9714
A1779,Amet PC,Pondicherry,17797
N2579,Nulla Integer Limited,Daly,25792
C1685,Congue In Associates,Chapadinha,16858
U2356,Ut Cursus LLP,Alajuela,23566
M1245,Mauris A Incorporated,Stalowa Wola,12450
E9125,Et Ultrices Posuere Incorporated,MinatitlÃ¡n,9125
C2077,Cras Interdum Nunc Corp.,Tagum,20777
E1131,Egestas A Associates,Bukit Batok,11312
D1235,Dolor Sit Inc.,White Rock,12350
F2939,Facilisis Magna Tellus Ltd,Finkenstein am Faaker See,29397
N1531,Nulla Vulputate Dui Inc.,Yenakiieve,15300
V2590,Vel Faucibus Corp.,Plauen,25904
E2256,Egestas A Consulting,MÃ©rida,22560
F1736,Felis Foundation,Volgograd,17363
N2040,Nunc Mauris Sapien LLC,Leverkusen,20408
N2761,Nam Porttitor Incorporated,Matamoros,27611
F2089,Fames Ltd,Queenstown,20895
A2032,Ante Dictum Cursus Corp.,Jacobabad,20327
P1863,Phasellus Dolor Corporation,Tacurong,18639
L1108,Ligula Institute,Yurimaguas,11088
S1898,Sollicitudin Industries,Rio de Janeiro,18986
E1664,Elit A Corp.,Gary,16645
A2484,Arcu Limited,Galway,24848
D2606,Donec Tincidunt LLP,Kostroma,26062
S2486,Sed Molestie PC,Tambov,24869
D1354,Donec Tempus Lorem Consulting,Dolcedo,13548
E1276,Egestas Aliquam Nec Corporation,Tvedestrand,12761
L2701,Laoreet Posuere Corp.,Kenosha,27010
M1111,Magnis Institute,Kurram Agency,11119
L1607,Ligula LLP,Banda Aceh,16072
V1736,Volutpat Nulla PC,Elbistan,17360
M2506,Malesuada Id Foundation,Ensenada,25063
L9379,Laoreet Posuere Ltd,BorlÃ¤nge,9379
E2595,Et Ltd,Thunder Bay,25957
T2898,Tellus Lorem Industries,QuibdÃ³,28988
C1579,Consectetuer Mauris PC,Cochin,15794
M2118,Metus Aenean LLP,Mejillones,21183
U2576,Ullamcorper Magna LLP,Sahiwal,25768
A1997,Amet Incorporated,Donetsk,19975
P2703,Placerat Cras Consulting,San Gregorio,27038
C9922,Consequat Auctor Nunc Company,NorrkÃ¶ping,9922
E2714,Etiam Bibendum Associates,Imst,27144
C1174,Cras Vulputate Incorporated,Delhi,11744
N9132,Nisi Mauris Foundation,Thá»§ Dáº§u Má»™t,9132
A2460,A Ultricies Institute,Chervonohrad,24607
S1224,Sed Dolor Fusce Limited,Berlin,12243
D2641,Dolor Tempus PC,Dublin,26406
N2069,Nullam Corp.,Phá»‘ Má»›i,20696
P2785,Proin Nisl Consulting,Salamanca,27857
F2297,Fringilla Euismod Enim Foundation,Jeju,22970
N1728,Nibh Institute,Sosnowiec,17287
V2797,Vel Turpis LLC,Wonju,27976
N1466,Non LLC,Vanier,14665
L2798,Lacus Ut Corporation,Dumbarton,27986
D1438,Duis Volutpat Foundation,Barranca,14385
I2165,Inceptos Hymenaeos LLP,Quinchao,21651
N1869,Nisi Cum Associates,San NicolÃ¡s de los Garza,18695
S1080,Sed Consequat Auctor Inc.,Caucaia,10805
E1875,Euismod Est Arcu Associates,Tocopilla,18751
D2166,Dapibus Ltd,Bloemfontein,21662
M2501,Malesuada Fringilla Industries,Zeveneken,25014
D2296,Dis Limited,Rock Springs,22964
I2134,Ipsum Suspendisse Non Institute,Pero,21348
N2112,Nisi Sem Incorporated,InÃ­rida,21126
A2933,At Fringilla Industries,Chile Chico,29334
V2211,Vel Faucibus LLC,VÃ¤rnamo,22110
D1043,Duis Mi PC,Minna,10433
A2412,Adipiscing PC,PoznaÅ„,24120
E2020,Euismod In Foundation,Firozabad,20204
S1169,Sed Tortor Integer LLC,Juliaca,11694
A2963,Auctor Ullamcorper Nisl Incorporated,Villavicencio,29639
E2269,Egestas Sed Pharetra Limited,ChiquinquirÃ¡,22690
M1665,Mauris Elit Associates,Tianjin,16656
A1149,Ac Associates,Porirua,11495
I1636,Ipsum Leo Limited,Herdersem,16367
O1747,Odio Auctor Inc.,Saint-MÃ©dard-en-Jalles,17467
N1398,Non Consulting,Berdiansk,13986
E1581,Eget Ipsum Consulting,AlingsÃ¥s,15819
F2370,Fusce Mollis Inc.,Olathe,23703
N1056,Neque Non Quam Institute,AlÃ¨s,10565
L1159,Lacus Vestibulum Ltd,Midlands,11593
E1706,Et Ultrices Incorporated,TehuacÃ¡n,17067
I1796,Interdum Nunc Limited,CalarcÃ¡,17968
M2134,Magna Limited,Purral,21346
V1796,Vel Mauris Integer Incorporated,Kano,17964
P2889,Porttitor Scelerisque PC,Ahmedabad,28890
T1691,Tincidunt Nunc Ac Consulting,YÃªn Thá»‹nh,16911
L2016,Lacinia Sed Congue Institute,Dapitan,20160
S2291,Sed Corp.,Schriek,22910
P2609,Penatibus Et Limited,Cork,26097
E2614,Eu Odio Corp.,Palmerston,26141
M1887,Mi Pede Nonummy LLC,Nelspruit,18872
A1031,Ac Eleifend Institute,Kamianske,10310
O2837,Orci Ltd,San Gregorio,28373
U2959,Ut Institute,Belfast,29596
C1691,Cras Interdum Institute,Dokkum,16911
E9285,Est Vitae Sodales Corporation,Cork,9285
E2881,Euismod Urna Foundation,Dublin,28812
E2424,Enim Nisl PC,Monstreux,24249
L1075,Luctus Curabitur LLP,Robelmont,10758
F1646,Faucibus Orci Inc.,Belfast,16460
A2794,At Arcu Corp.,Galway,27948
A2019,Arcu Vel Incorporated,Terneuzen,20195
N2148,Nec PC,Bruck an der Mur,21483
V1153,Vulputate Ullamcorper Magna LLC,Woerden,11536
S1483,Sit Amet PC,AlenÃ§on,14834
M1583,Mattis Semper Ltd,Kostroma,15839
N2155,Non Arcu Vivamus Ltd,Pskov,21553
E2673,Eu Erat Associates,Wismar,26741
D1516,Dapibus Gravida Aliquam Company,Chandler,15162
T1941,Tellus Imperdiet Institute,Macau,19419
T2192,Tincidunt Foundation,PÃ¶ttsching,21921
M1781,Mauris Molestie LLP,Ilagan,17816
I1643,Integer Mollis Institute,Jeonju,16434
I2235,Id LLC,Brive-la-Gaillarde,22350
F2880,Facilisi Sed Neque Company,VadsÃ¸,28803
D1119,Dui Nec Corporation,Tam Ká»³,11197
N1871,Neque Vitae Corp.,Darwin,18718
A2633,Aliquam Iaculis Ltd,IbaguÃ©,26335
A2818,Aenean Gravida Nunc Foundation,Kherson,28182
I1351,Ipsum Inc.,Salamanca,13515
M1087,Magna Associates,Seogwipo,10875
C2162,Congue Elit Sed Corporation,Guaymas,21625
A1732,A Scelerisque Sed Foundation,Anklam,17322
I1663,Ipsum Suspendisse Incorporated,Hattian Bala,16635
V1273,Varius Nam Porttitor Institute,Juliaca,12733
P1304,Pede Sagittis Foundation,Santa Rosa de Cabal,13046
M1796,Mauris Ut LLP,ÅÃ³dÅº,17965
A2567,Aliquet Associates,Ensenada,25675
A1801,At Iaculis Corp.,Lipetsk,18010
R2649,Risus Corp.,ElblÄ…g,26496
N1310,Non Leo Limited,Olsztyn,13101
B2562,Blandit Mattis Cras Limited,Huancayo,25627
C2731,Cursus Industries,TÃ¤by,27317
F2900,Fringilla Euismod Corp.,Suarlee,29003
T1353,Turpis Foundation,Gaithersburg,13530
M1290,Mollis LLP,Asan,12907
S2265,Sollicitudin A Corp.,Francavilla Fontana,22658
M1163,Mauris Vel Corporation,Edremit,11631
A1383,Aliquet Molestie Tellus Industries,Darwin,13832
A2181,A Foundation,Akhisar,21819
V2763,Vestibulum Ante Foundation,Gwangju,27630
T2001,Tempor Arcu Vestibulum Corporation,Cambridge,20010
P1670,Phasellus Ornare Fusce LLC,Lozova,16700
T2139,Tincidunt Dui Augue Associates,Brakpan,21399
E2565,Erat Corporation,San Pablo,25658
E9277,Et Libero LLP,Kherson,9277
S2737,Sit Amet Limited,LiÃ©vin,27374
I1717,In Faucibus Limited,Koekelberg,17170
Q2643,Quis Tristique Institute,Báº¡c LiÃªu,26433
T2364,Turpis Egestas Aliquam Corporation,BorlÃ¤nge,23642
M1063,Morbi Tristique Institute,Boryeong,10639
N1333,Non Lorem Consulting,Nizamabad,13339
A1696,At Auctor Ltd,Murcia,16962
P1655,Pellentesque Associates,Moe,16552
I1844,Imperdiet Nec Incorporated,Mexico City,18449
R1193,Rutrum Limited,Torrevecchia Teatina,11939
Q2120,Quisque Tincidunt Institute,Daejeon,21208
P1682,Purus Accumsan Industries,Gangneung,16829
O9880,Odio Incorporated,Dapitan,9880
V1978,Vivamus Molestie Consulting,Rotterdam,19783
T1303,Tincidunt Congue Limited,Port Hope,13031
M2375,Magna Limited,QuerÃ©taro,23752
C1821,Consequat Dolor Limited,Cape Breton Island,18219
N2319,Non Nisi Aenean LLP,Palu,23180
N1694,Nam Nulla Consulting,Christchurch,16947
M2254,Magna Nec LLP,Dublin,22544
S1352,Sit Amet Ante LLC,Bajaur Agency,13526
U2141,Ut Tincidunt Incorporated,Mackay,21418
E1431,Eget Tincidunt Ltd,Saint-Maur-des-FossÃ©s,14315
M2417,Montes Associates,Panjim,24177
C2654,Cras Vulputate Institute,Nicoya,26541
A1064,Aliquet Magna Corporation,Mandai,10649
V2866,Vestibulum Mauris Magna Company,Saint Petersburg,28660
S1964,Sodales Mauris Blandit Ltd,Barrancabermeja,19646
U2688,Urna Industries,Munich,26888
S1489,Sem Nulla Interdum Institute,Klagenfurt,14896
A1669,Accumsan Sed Facilisis Incorporated,Krugersdorp,16693
P1262,Parturient Montes Institute,Palencia,12626
F1928,Facilisis Industries,Hwaseong,19286
N1195,Non Foundation,Mandai,11957
S9633,Suspendisse Aliquet Sem Foundation,Stratford,9633
U2525,Ut Incorporated,RÃ­o Hurtado,25259
N1036,Nisi A Company,Dublin,10368
A1811,Arcu Corporation,Ilkeston,18116
M2811,Mauris Associates,Icheon,28116
M2252,Molestie Orci LLC,San JosÃ© de Alajuela,22529
A9458,Aliquam Erat Institute,Nampa,9458
N2618,Nibh Dolor Foundation,Virginia,26181
N1127,Nec Ltd,Macau,11271
N1290,Nascetur Foundation,Whitewater Region Township,12893
L2036,Ligula Nullam Company,San AndrÃ©s,20365
N2279,Nec Imperdiet Nec Corp.,Pachuca,22780
N2862,Nibh Quisque PC,Samara,28622
S2693,Sed Facilisis Vitae Ltd,Oviedo,26935
C1010,Conubia Institute,Erpion,10102
C1180,Cum Sociis Natoque Inc.,La Paz,11804
S2844,Sed LLP,Burnie,28449
A9004,Augue Sed Consulting,Ludvika,9004
E2908,Egestas Blandit Nam Limited,Bila Tserkva,29086
E1437,Eu Foundation,Pamplona,14372
F2851,Feugiat Metus Foundation,Bekasi,28510
S2577,Sit Amet Industries,Fremantle,25777
A1119,Ante Corp.,Vienna,11190
M1848,Montes Nascetur Ridiculus Foundation,Calamar,18482
V2088,Vehicula Aliquet Libero Associates,Bottrop,20885
O1950,Odio Institute,Springfield,19500
P1970,Porttitor Tellus Limited,Nelson,19706
S1253,Sed Auctor Odio Limited,Braunau am Inn,12533
D1746,Donec LLC,Ambon,17469
A1720,Aliquam PC,SuwaÅ‚ki,17200
A1790,Ac Tellus LLP,Haridwar,17905
S1060,Sed Eu Limited,KarapÄ±nar,10600
M1151,Magna Corp.,Emalahleni,11512
A2957,Arcu Aliquam Incorporated,Cervinara,29570
E1810,Egestas Blandit LLP,GÃ¤vle,18102
S2516,Sit Amet Ltd,Ankara,25169
S2072,Scelerisque Neque Company,Jafarabad,20726
D1152,Diam Nunc Ullamcorper Incorporated,ConchalÃ­,11524
F2609,Faucibus Morbi Ltd,Trani,26090
A2325,Ac Tellus LLC,Ivano-Frankivsk,23255
N2000,Non Corp.,Darwin,20001
N1997,Neque Incorporated,Breda,19970
D9519,Donec Consectetuer Mauris Associates,Soverzene,9519
S2810,Scelerisque Mollis Phasellus Associates,BertrÅ½e,28100
M2867,Mollis Phasellus Limited,Ikot Ekpene,28672
P2573,Per Conubia Nostra Limited,Lambayeque,25738
L2754,Lacus Varius Et LLC,BandÄ±rma,27543
E2099,Erat Semper Rutrum Limited,Fortaleza,20999
M9787,Mauris Non Ltd,Stratford,9787
A2285,Arcu Vestibulum Ltd,Wellington,22853
P2717,Proin Mi LLP,Adelaide,27175
L2556,Luctus Vulputate Institute,Nha Trang,25563
E1318,Enim Sed Ltd,Timaru,13186
O1040,Orci LLP,Digos,10405
Q2705,Quisque Porttitor Associates,Jabbeke,27055
N1781,Nec Corporation,SÃ¨te,17818
S2311,Suspendisse LLP,BorÃ¥s,23110
Q2273,Quam Pellentesque Habitant LLP,Whittlesey,22733
M2193,Mauris Sapien Industries,Zirl,20935
T1251,Turpis Foundation,Regensburg,12512
O1962,Ornare Corporation,Santa Cruz de Tenerife,19627
D2238,Dolor Incorporated,Alice,22382
A1923,Arcu Imperdiet Limited,SantarÃ©m,19235
M1375,Mauris Incorporated,AfÅŸin,13758
S1966,Semper Nam LLC,Huaraz,19664
D2405,Donec PC,Noicattaro,24056
P2197,Pellentesque LLP,Peshawar,21971
T2564,Tellus Suspendisse Industries,Mohmand Agency,25642
P1611,Pede Malesuada Vel Limited,Depok,16115
I1201,Integer In Industries,Drohobych,12012
A1371,Aliquam Inc.,Lloydminster,13716
N1286,Nunc Lectus LLP,Zolder,12861
I9880,Ipsum Primis Company,Wadgassen,9880
Q2582,Quisque Ac LLC,Mukachevo,25822
T2495,Tortor Ltd,Gunsan,24958
T1842,Tincidunt Consulting,Singkawang,18427
U2938,Ut Mi Industries,Secunda,29385
D1603,Donec Egestas Institute,Sainte-Marie-sur-Semois,16034
C1833,Cubilia Curae Limited,Isla de Pascua,18335
M1666,Mollis Ltd,MÃ³stoles,16662
I2370,Integer LLC,San Vicente del CaguÃ¡n,23705
L1312,Libero Integer Limited,Pangkalpinang,13122
P2582,Placerat LLP,Tanjung Pinang,25824
N1321,Nunc Risus Foundation,Wonju,13216
L2755,Lectus Nullam Suscipit Institute,Bryne,27553
D2076,Dui In Sodales Institute,Neuss,20764
E2191,Egestas Associates,Nampa,21910
V1582,Velit Aliquam LLP,Seogwipo,15823
N2349,Nunc In Inc.,Novgorod,23490
M2740,Metus In Associates,Vinnytsia,27401
A1025,Aliquam Industries,Chartres,10250
M1455,Mattis Ornare Limited,Paya Lebar,14554
S1982,Semper Pretium Associates,Liaoning,19829
L9488,Lorem Tristique Industries,Zwelitsha,9488
S2784,Sapien LLP,CametÃ¡,27845
M1136,Metus Aenean LLC,Nottingham,11360
A1409,At Nisi Cum LLC,Juazeiro do Norte,14091
C2260,Consectetuer Adipiscing Incorporated,Zlynka,22609
I2635,Imperdiet Erat LLP,Santa Cruz de Tenerife,26354
C2938,Cursus Vestibulum Incorporated,Limoges,29384
E1446,Eu Odio Phasellus Ltd,Portland,14468
D1645,Donec Felis Corp.,SÃ£o JoÃ£o de Meriti,16459
V2043,Vestibulum Ut Limited,MustafakemalpaÅŸa,20430
F1308,Fringilla Associates,ValÃ©ncia,13083
N2369,Nonummy Ipsum Non Foundation,Hilo,23694
N1209,Nisi Dictum Augue Corporation,Nadiad,12092
S2997,Sed Auctor Odio LLP,Tam Ká»³,29976
A2352,Arcu Vestibulum Associates,Oslo,23525
F2781,Fringilla LLP,Qinghai,27817
N2956,Nunc Interdum Industries,Thabazimbi,29506
I9219,Ipsum Donec Foundation,Belfast,9219
N1523,Non Dapibus LLP,Kupang,15232
I1659,Imperdiet Ornare Incorporated,Hebei,16597
C1072,Convallis LLP,Barranca,10728
U1335,Ullamcorper Eu Euismod LLC,Osasco,13355
Q2728,Quis Lectus Inc.,Nieuwegein,27286
R2457,Risus In Industries,Cork,24574
A1213,Ac Mattis Inc.,Petrolina,12136
L2057,Lobortis Consulting,Bad VÃ¶slau,20574
D2184,Dolor Consulting,Jelenia GÃ³ra,21846
O1902,Odio Nam Incorporated,Birecik,19020
L1615,Lorem Industries,Velden am WÃ¶rther See,16153
E1678,Enim Etiam Imperdiet Company,Mielec,16781
A1524,Auctor Mauris Incorporated,Gorontalo,15240
I1233,In Tincidunt Congue PC,Morro Reatino,12332
C2125,Congue Elit LLC,Ciudad Real,21250
N2014,Nisl Arcu LLP,Iquitos,20142
M1344,Mi Associates,Taltal,13449
F1986,Fermentum Fermentum Arcu Incorporated,Cao LÃ£nh,19867
S2637,Sed Dui Fusce LLC,Tierra Amarilla,26374
L2804,Libero Donec Incorporated,Leersum,28041
C1702,Convallis LLP,Oswestry,17024
I2372,In Molestie Tortor Associates,Philadelphia,23723
N2534,Nisl Sem Foundation,Caucaia,25341
S2653,Sem Corporation,Cusco,26531
A9578,Amet Dapibus Inc.,Cao Báº±ng,9578
S2220,Semper Et Lacinia Associates,Sarreguemines,22203
A1125,A Scelerisque Incorporated,Zaria,11256
E1973,Eget Metus Associates,Belfast,19733
E2123,Eu Placerat Limited,VÃ¤rnamo,21233
U1800,Ut Quam Consulting,Minna,18002
A1003,A Felis Ullamcorper Foundation,Tual,10038
N1051,Nec Incorporated,Aiseau,10511
T1439,Tellus Justo Foundation,Corvino San Quirico,14395
N2278,Nunc Risus PC,TromsÃ¸,22789
A1936,Aenean Associates,Juliaca,19369
P2228,Parturient Montes Associates,IbaguÃ©,20181
E1785,Elit Aliquam Corporation,Canberra,17858
M2975,Mollis Non Limited,Beijing,29751
C2773,Cursus Integer LLC,Tarsus,27731
V1624,Vel LLC,Bacoor,16246
S1578,Semper Tellus Foundation,Oslo,15786
E9966,Eu LLC,Dieppe,9966
C1110,Cursus Industries,Ockelbo,11107
A2563,Aliquam Limited,Kuruman,25638
T2340,Tellus Justo LLC,Gressoney-Saint-Jean,23403
S1281,Sollicitudin Institute,Schweinfurt,12814
M2174,Malesuada Fames Ac Corp.,Bima,21747
A1020,Amet Metus LLP,Anhui,10207
S1974,Sit Amet Associates,Santander,19743
L2553,Lobortis Ultrices PC,Fujian,25531
E2793,Eu Placerat Corp.,Hougang,27930
E2192,Elementum Inc.,CopiapÃ³,21926
P1224,Praesent Eu Dui Institute,Samarinda,12244
E2677,Elementum At Egestas Incorporated,Nova IguaÃ§u,26775
L1819,Ligula Inc.,Mandai,18197
M2832,Magnis Dis Corporation,Nicoya,28320
L9338,Libero Est Congue Associates,Celaya,9338
A1712,Ac Facilisis Facilisis LLP,BÃ¼nyan,17128
O1341,Orci Luctus Incorporated,Pontianak,13413
D1421,Donec Felis Limited,Volda,14218
M1723,Mauris LLP,Mora,17235
I1602,Id Magna Corp.,Schwaz,16026
O2392,Orci Consectetuer Incorporated,Dublin,23923
P1898,Porttitor Interdum Corporation,Chancay,18980
N2704,Nunc LLP,Livorno,27042
Q1534,Quam Elementum Limited,Orhangazi,15345
N1238,Non Quam Institute,Villach,12382
N1139,Nisi Nibh Lacinia Ltd,Lutsk,11390
L2453,Luctus Felis Inc.,Phalaborwa,24536
Q2789,Quis Lectus Inc.,Saint-Mard,27899
D1687,Duis Associates,Huaraz,16879
P1844,Proin Inc.,Payakumbuh,18441
C2894,Cubilia Curae Inc.,Haarlem,28941
R1066,Rutrum Eu Ultrices Foundation,Soledad,10669
M1933,Magna A Neque Inc.,Long XuyÃªn,19337
D1125,Dictum Magna Inc.,Malolos,11253
P9942,Pellentesque Massa Incorporated,Tlaquepaque,9942
S2483,Sed Company,Grimstad,24836
P2018,Porttitor LLP,Katsina,20188
V2271,Vitae Nibh Industries,LimÃ³n (Puerto LimÃ³n],22714
U1198,Ut Eros Corp.,Port Nolloth,11989
L2515,Luctus Corporation,ÄÃ  Náºµng,25153
Q2038,Quis Pede Suspendisse LLP,Darwin,20386
A1231,Aliquam Ltd,Brisbane,12317
N2895,Non Enim LLP,Ulsan,28953
U1777,Ullamcorper Velit In Foundation,LimÃ³n (Puerto LimÃ³n],17776
U2660,Ultricies Sem Magna Institute,FÃ¸rde,26601
V2009,Venenatis Lacus Ltd,Dosquebradas,20096
A1115,Aliquet Libero Limited,Sagamu,11151
